id,phase,sim_time,incident,description,location,severity,visible_to,time_limit,state,points_resolve,opens_after,opens_when
1,1,0:00,Research Cluster Compromise Confirmed,"A signed process on the Blacksburg research cluster has been re-running its own scheduled job since 06:20 and the endpoint agent has scored it clean four times. It is not signature-detectable: it profiles the host for days and then imitates what that host normally does. Nobody yet knows what it takes, what it talks to, or whether the cluster is still the only thing it is on. Every other decision this phase is sized off the answer, and the analysis costs fifteen minutes. [UPDATE 0:20] No response before the 0:20 deadline; escalated.",Blacksburg,4,Virginia Tech Division of IT;CISA Regional Coordinator;FBI Richmond Cyber Task Force,20,escalated,100,,
2,1,0:00,Carilion EHR Returning Records Against the Wrong Patients,"Since 08:05 the electronic health record has been serving records that do not match the patient they were requested for — not an outage, a correctness failure, which is worse. Clinicians are already working around it by asking patients what they are on. The record is also the path the malware crossed into the clinical network on, so leaving it up is leaving the door open and taking it down puts a hospital and six clinics on paper. [UPDATE 0:20] The six rural clinics report disconnection from the EHR and a request to InfoSec for a last-known-good cutoff; no standing downtime protocol or closed route is documented, and the compromised EHR rema [UPDATE 0:20] No response before the 0:20 deadline; escalated.",Roanoke / Region-wide,5,Carilion Clinic Information Security;Carilion Rural Clinic Network;FBI Richmond Cyber Task Force;Governor's SW Virginia Liaison,20,escalated,150,,
3,1,0:00,Six Rural Clinics Open With No Records Link,"Grundy, Tazewell, Wise, Lebanon, Marion and Big Stone Gap lost the records link at 07:52 and opened at 08:00 anyway, because the patients were already in the parking lot. Between them they are carrying the morning's dialysis scheduling, three medication-assisted treatment programmes and a prenatal clinic, all from memory and paper. Nobody has decided whether they close, and closing them means the nearest alternative is ninety minutes away. [UPDATE 0:25] No response before the 0:25 deadline; escalated.",Coalfield counties,4,Carilion Rural Clinic Network;Shentel Communications;VA Department of Health SW District;Food City Pharmacy Systems,25,escalated,125,,
4,1,0:05,Networked Medical Devices Logging Changes Nobody Made,"Infusion pumps, two imaging units and the monitoring gear on the clinical VLAN are recording configuration changes with no operator behind them. Nothing has visibly misdosed and nobody can prove nothing has. Pulling them off the network means a clinician at every device, one at a time, while the ward keeps running; leaving them on means trusting a device on a network known to be compromised. [UPDATE 0:36] No response before the 0:30 deadline; escalated.",Roanoke,4,VA Department of Health SW District;Carilion Clinic Information Security,25,escalated,125,,
5,1,0:05,Prescription Verification Down Chain-Wide,"Every Food City pharmacy counter in the region is unable to verify a prescription against the clinic that wrote it. The queue is not moving, and it contains insulin, anticoagulants and a methadone programme's morning. There is no system answer available today: what may be dispensed without verification, and on whose signature, is a policy somebody has to write in the next half hour. [UPDATE 0:37] No response before the 0:35 deadline; escalated.",Region-wide,3,Food City Pharmacy Systems;Carilion Rural Clinic Network;Appalachian Faith & Community Network,30,escalated,75,,
6,1,0:05,Scanning From Regional Addresses Against State Shared Services,"VITA's monitoring shows steady, patient scanning of the Commonwealth's shared services from addresses inside the affected region. Nothing has been breached at the state level. Nine county governments — permits, benefits, dispatch records — run on those same services, so the containment that protects Richmond is the containment that takes a county offline, and the counties have not been asked. [UPDATE 0:36] No response before the 0:30 deadline; escalated.",Richmond / Region-wide,3,VITA Commonwealth CIO;CISA Regional Coordinator;Shentel Communications;Virginia Tech Division of IT;SW Virginia EMA,25,escalated,75,,
7,1,0:10,Dependent-Care Patients Unreachable,"The patients whose care cannot wait a day — dialysis, home oxygen, refrigerated medication, the MAT programmes — are scheduled in a system that is down, and the list of who they are is in the same system. The faith network and the health district between them hold the only current picture: church rolls, volunteer fire department call lists, and the households everyone knows about because somebody drives out there.",Coalfield counties,4,Appalachian Faith & Community Network;VA Department of Health SW District;Shentel Communications;SW Virginia EMA;Food City Pharmacy Systems,30,open,125,,
8,1,0:10,County Government Continuity At Risk,"Nine counties are one containment decision away from losing permits, benefits processing and dispatch records at the same time. The continuity environment exists and has never been exercised under load. EMA has to decide whether to fail over before it is needed — spending money on a move that may prove unnecessary — or wait for VITA's cut and fail over under it.",Coalfield counties,3,VITA Commonwealth CIO;SW Virginia EMA;Governor's SW Virginia Liaison,30,open,75,,
9,1,0:15,Evidence and Recovery Want the Same Machines,"The hosts that have to be imaged for a federal case are the hosts a hospital wants rebuilt this morning. Imaging with chain of custody intact takes them down for hours; rebuilding first means whatever is on them about who did this and what they took is gone. Nobody has ruled on the order, and both sides are proceeding as though they have. [UPDATE 0:36] A backup of the hospital data on the contested hosts is reported, but the hosts are still not imaged with chain of custody and nobody has ruled on the evidence-vs-rebuild order; the federal case and t",Blacksburg / Roanoke,3,CISA Regional Coordinator;FBI Richmond Cyber Task Force;Carilion Clinic Information Security;Virginia Tech Division of IT,25,in_progress,100,,
10,1,0:15,Richmond Wants One Answer Before 10:00,"The Governor's office has an availability at 10:00 and wants two things: whether patient data is gone, and whether it is safe to go to a clinic today. The Liaison holds no sensors and no incident — every word of that answer has to come from a team that verified something, and the honest answer to the first question at this hour is 'not yet known'. What is said here is what phase 2's disinformation is built out of.",Richmond / Region-wide,3,Governor's SW Virginia Liaison;CISA Regional Coordinator;Appalachian Faith & Community Network;VITA Commonwealth CIO,35,open,100,,
11,1,0:20,The Exfiltration Path Is the Shared Research Link,"The analysis answered the first question: the process stages what it reads — EHR result feeds, prescription checks, the research corpus — on the cluster it lives on, and sends it out in small bursts that look like research traffic. The analysis did not remove it, and the shared research–clinical link is both the crossing it used and the only path the copies leave on. Cut the link and the bleed stops but the attribution trace goes with it; keep it up under observation and the evidence stays live at the cost of more copies leaving. Nobody has ruled on which of those the region is actually doing.",Blacksburg / Region-wide,4,Shentel Communications;Virginia Tech Division of IT;Carilion Clinic Information Security,20,hidden,100,1,resolved
12,1,0:20,Compromise Reaches the Research Data Center,"Twenty minutes passed with the cluster compromise uncharacterised. The same signed process now appears on the research data center's compute nodes, and faculty jobs are running with checkpoints the malware imitates. A cold shutdown stops the exposure and freezes machines forensics can use; letting it run keeps the jobs alive and gives the investigators live capture, while a week-old implant keeps a week-old reach. The researchers whose work is on those nodes were not told either way.",Blacksburg,4,FBI Richmond Cyber Task Force;Virginia Tech Division of IT;CISA Regional Coordinator,20,open,100,1,escalated
13,1,0:20,The Record Can Come Back — Only Through a Verified Path,"The EHR is offline and the downtime protocol is standing: no record is being served from a compromised system, and the mismatches have stopped. That is what the paper clock costs, and it keeps costing until the record comes back. The restore has to answer one question first — is the path the record returns on verified clean? Restore through a checked and re-keyed path and the hospital and six clinics get their records back; restore because the downtime was supposed to end, and the malware rides back with them.",Roanoke / Region-wide,3,Carilion Clinic Information Security;Carilion Rural Clinic Network;Shentel Communications,25,hidden,100,2,resolved
14,1,0:20,A Medication Was Prepared Against the Wrong Record,"A third mismatched record came back as a medication: the record the pharmacist checked belonged to a different patient, the drawn dose matched the wrong patient's protocol, and a bedside question caught it before administration. The EHR is still serving and the route the malware crossed is still open. The patient is being observed; the record system remains the thing that has to stop, and whether this stays a near miss depends on what happens in the next hour.",Roanoke,5,Food City Pharmacy Systems;Carilion Clinic Information Security;VA Department of Health SW District,25,open,150,2,escalated
15,1,0:25,Clinic Links Can Return on a Clean Path,"Paper staffing held all six sites open — the morning is moving, at half speed and on memory. Shentel has a separately routed, freshly keyed path ready, and records can come back. They come back safely only if the clean-path verification is real before any site reconnects: a rushed check restores records and the infection together. Hold the sites on paper until the clinical network is confirmed clean, or bring the links back on the verified path now against the paper-clinic bottleneck — and say what happens to Grundy's MAT morning either way.",Coalfield counties,3,Carilion Rural Clinic Network;Shentel Communications;Carilion Clinic Information Security,25,hidden,100,3,resolved
16,1,0:25,Grundy Closes — Ninety-Minute Diversion,"Grundy did not make the morning. The paper staffing could not cover the MAT dosing and the dialysis scheduling, and the clinic closed; the nearest open alternative is ninety minutes away. The patients in that catchment are the dependent-care list — dialysis, oxygen, refrigerated medication — and they now need a named destination and a ride. The other five sites are watching what happens here, and the diversion is still being run seat-of-the-pants.",Coalfield counties,4,Appalachian Faith & Community Network;Carilion Rural Clinic Network;Shentel Communications,30,open,125,3,escalated
17,1,0:40,The Answer Is In — The Public Version Is Not,"One consolidated answer is filed for Richmond: a verified number behind the clinic-safety line, and the honest 'not yet known' on patient data where that is what the evidence supports. Richmond has what it asked for. The public does not — people are deciding this morning whether it is safe to go to a clinic, and the statement that tells them is still unissued. Release it now with the verified number, or hold it while the picture firms and let the gap be filled by what is already being said.",Region-wide,3,SW Virginia EMA;Governor's SW Virginia Liaison;CISA Regional Coordinator,20,hidden,75,10,resolved
18,1,0:50,10:00 — Richmond Went Out Without a Verified Number,"Ten o'clock. The Governor's office went without a verified number: no consolidated figure and no written answer on patient data, so the availability was drafted from the news clips and the rumor thread. The region's own picture is still incomplete, but the record now contains a statement nobody verified. Correct it on the record today with what is actually known, or let it stand and correct it later — after people have already decided whether it is safe to go to a clinic.",Richmond / Region-wide,4,Governor's SW Virginia Liaison;VA Department of Health SW District;VITA Commonwealth CIO,10,hidden,100,10,escalated
